{"cameraMode":{"drawMode":0,"name":"Shaded","section":"Shading Mode"},"sceneLighting":true,"audioPlay":false,"sceneViewState":{"m_AlwaysRefresh":true,"showFog":true,"showSkybox":true,"showFlares":true,"showImageEffects":true,"showParticleSystems":true,"showVisualEffectGraphs":true,"m_FxEnabled":true},"in2DMode":false,"pivot":{"x":0.25908806920051577,"y":0.6037651300430298,"z":-0.10560955107212067},"rotation":{"x":0.03178679943084717,"y":-0.03385477885603905,"z":0.001052506035193801,"w":0.9989539384841919},"size":0.3726869225502014,"orthographic":false}