{"cameraMode":{"drawMode":0,"name":"Shaded","section":"Shading Mode"},"sceneLighting":true,"audioPlay":false,"sceneViewState":{"m_AlwaysRefresh":true,"showFog":true,"showSkybox":true,"showFlares":true,"showImageEffects":true,"showParticleSystems":true,"showVisualEffectGraphs":true,"m_FxEnabled":true},"in2DMode":false,"pivot":{"x":-0.19350522756576539,"y":0.5946032404899597,"z":-0.07415954768657685},"rotation":{"x":0.018302712589502336,"y":0.023118047043681146,"z":-0.0004493255983106792,"w":0.9995996952056885},"size":0.499133825302124,"orthographic":false}